{
  "macro_f1": 0.6042929292929292,
  "macro_precision": 0.47558922558922556,
  "macro_recall": 0.9555555555555556,
  "accuracy": 0.8627450980392157,
  "n_tokens": 102,
  "per_class": {
    "FILLED_PAUSE": {
      "precision": 0.7222222222222222,
      "recall": 0.8666666666666667,
      "f1": 0.7878787878787877
    },
    "FALSE_START": {
      "precision": 0.25,
      "recall": 1.0,
      "f1": 0.4
    },
    "REPETITION": {
      "precision": 0.45454545454545453,
      "recall": 1.0,
      "f1": 0.625
    }
  },
  "accent_f1": {
    "native_en": 0.6342929292929292,
    "indian_en": 0.5642929292929292,
    "non_native_other": 0.5342929292929293
  },
  "fairness_gap": 0.09999999999999998
}